movie_id,review_content,review_score
1,An absolute masterpiece of storytelling and action.,5
2,A mind-bending journey into the subconscious.,4
3,One of the greatest films in cinematic history.,5
4,A unique blend of humor and violence.,4
5,A complex narrative with outstanding performances.,4
6,A deeply moving tale of hope and friendship.,5
7,A heartwarming and inspiring story.,5
8,A groundbreaking sci-fi film with revolutionary effects.,5
9,An epic tale of bravery and honor.,4
10,An emotional and gripping portrayal of history.,5
11,A thrilling crime drama with a star-studded cast.,4
12,A visually stunning post-apocalyptic adventure.,5
13,A fantastic superhero movie with a strong cast.,4
14,A breathtaking conclusion to the Avengers saga.,5
15,A thrilling adventure with incredible effects.,4
16,An animated masterpiece for all ages.,5
17,A dark and comedic look at corporate greed.,4
18,A high-intensity drama about ambition and obsession.,5
19,A powerful and thought-provoking drama.,5
20,An intense and captivating story of survival.,4
21,A heartfelt story of love and human connection.,4
22,A brilliant blend of horror and social commentary.,5
23,A compelling drama with an outstanding lead performance.,5
24,A visually stunning and emotionally resonant film.,5
25,An uplifting story of love and determination.,4
26,A harrowing and tense portrayal of war.,5
27,A gripping crime thriller with memorable performances.,4
28,A darkly comic war film with sharp dialogue.,4
29,An innovative and visually stunning film.,5
30,A gritty noir thriller with an unforgettable twist.,4
31,A haunting and tense exploration of guilt and justice.,5
32,A riveting drama about music and passion.,5
33,A beautiful and heartbreaking story of family.,5
34,A mesmerizing film that blurs the line between dream and reality.,4
35,An original and intense thriller with a chilling atmosphere.,5
36,An emotional journey of self-discovery.,4
37,A thought-provoking film about identity and acceptance.,5
38,An explosive action-packed superhero movie.,4
39,A dark and twisted tale of revenge.,5
40,A nostalgic and moving coming-of-age story.,5
41,An engaging biopic with a powerful lead performance.,4
42,A fascinating look into the world of finance.,4
43,A visually stunning and emotionally powerful space epic.,5
44,A unique and imaginative coming-of-age film.,4
45,An intense and gripping thriller with stellar performances.,5
46,A charming and visually beautiful film.,4
47,An intense and masterfully crafted war film.,5
48,A magical and visually stunning fairy tale.,5
49,A gripping crime drama with stellar performances.,5
50,A thought-provoking and original sci-fi film.,4
51,A gripping courtroom drama with powerful performances.,5
52,A chilling and atmospheric horror film.,4
53,A fast-paced and entertaining crime thriller.,4
54,An emotional and beautifully crafted biopic.,5
55,A visually stunning and emotionally gripping war drama.,5
56,A stylish and witty dark comedy.,4
57,A heart-pounding thriller with a great lead performance.,5
58,An inspiring and emotionally moving story of survival.,4
59,A brilliant and disturbing psychological thriller.,5
60,A dark and twisted crime thriller.,4
61,A heartwarming and inspirational sports drama.,5
62,A beautiful and emotional love story.,4
63,A thought-provoking and timely social drama.,5
64,A fun and action-packed superhero film.,4
65,A stylish and brutal crime drama.,5
66,A charming and nostalgic musical.,4
67,A suspenseful and thrilling horror film.,4
68,An emotional and powerful family drama.,5
69,A visually stunning and thought-provoking sci-fi epic.,5
70,An entertaining and heartfelt adventure.,4
71,A tense and thrilling action film with great performances.,4
72,A dark and powerful crime drama.,5
73,A stunning and emotional historical drama.,5
74,A charming and hilarious romantic comedy.,4
75,A gripping and intense legal drama.,5
